mata_pelajaran,judul,link,tag
B.Indonesia,"Pengertian Teks Deskripsi, Ciri, Jenis, Contoh & Strukturnya",https://www.brainacademy.id/blog/teks-deskripsi,Deskripsi
B.Indonesia,18 Contoh Teks Deskripsi dan Penjelasan Strukturnya,https://www.brainacademy.id/blog/contoh-teks-deskripsi-dan-strukturnya,"Deskripsi, Eksposisi"
B.Indonesia,"Teks Eksposisi: Pengertian, Jenis, Kebahasaan & Tujuan",https://www.brainacademy.id/blog/teks-eksposisi,Eksposisi
B.Indonesia,18 Contoh Teks Eksposisi Singkat beserta Strukturnya,https://www.brainacademy.id/blog/contoh-teks-eksposisi,Eksposisi
B.Indonesia,"20 Contoh Teks Prosedur Sederhana, Protokol dan Kompleks",https://www.brainacademy.id/blog/contoh-teks-prosedur,Lainnya
B.Indonesia,"Teks Prosedur: Pengertian, Struktur, Ciri, Tujuan, & Jenis",https://www.brainacademy.id/blog/teks-prosedur,Lainnya
B.Indonesia,"PBUB UGM 2024: Jadwal, Syarat, Prosedur, dan Dokumen",https://www.brainacademy.id/blog/pendaftaran-pbub-ugm,Lainnya
B.Indonesia,15 Contoh Naskah Drama Singkat dengan Berbagai Tema,https://www.brainacademy.id/blog/contoh-naskah-drama,Drama
B.Indonesia,"Puisi Rakyat: Pengertian, Jenis, Kaidah Kebahasaan, & Contoh",https://www.brainacademy.id/blog/puisi-rakyat,Puisi
B.Indonesia,"35 Contoh Puisi Rakyat Berdasarkan Jenisnya, Lengkap!",https://www.brainacademy.id/blog/contoh-puisi-rakyat,Puisi
B.Indonesia,"Jurusan Sastra Korea, Buat Kamu Pecinta K-pop dan K-drama!",https://www.brainacademy.id/blog/jurusan-bahasa-korea-dan-prospek-kerja,Drama
B.Indonesia,"Teks Drama: Pengertian, Unsur, Ciri, Struktur, & Kebahasaan",https://www.brainacademy.id/blog/teks-drama,Drama
B.Indonesia,"Apa itu Kalimat Efektif? Ini Pengertian, Ciri-Ciri, & Contoh",https://www.brainacademy.id/blog/cara-memahami-kalimat-efektif,Deskripsi
B.Indonesia,10 Contoh Teks Deskripsi dari Jenis dan Strukturnya,https://www.quipper.com/id/blog/mapel/bahasa-indonesia/contoh-teks-deskripsi/,Deskripsi
B.Indonesia,Contoh Deskripsi Diri untuk Beasiswa 2022,https://www.quipper.com/id/blog/quipper-campus/scholarship/contoh-deskripsi-diri-untuk-beasiswa/,Deskripsi
B.Indonesia,"Teks Deskripsi � Pengertian, Jenis dan Contohnya",https://www.quipper.com/id/blog/mapel/bahasa-indonesia/teks-deskripsi/,Deskripsi
B.Indonesia,"Yuk, Latihan Soal Paragraf Deskripsi Supaya Lancar Ujiannya!",https://www.quipper.com/id/blog/mapel/yuk-latihan-soal-paragraf-deskripsi-supaya-lancar-ujiannya/,Deskripsi
B.Indonesia,Ini Dia Jenis-Jenis Paragraf Deskripsi Beserta Contohnya!,https://www.quipper.com/id/blog/mapel/ini-dia-jenis-jenis-paragraf-deskripsi-beserta-contohnya/,Deskripsi
B.Indonesia,"Mau Cepat Paham Materi Paragraf Deskripsi? Yuk, Simak 5 Contoh Soal dan Pembahasannya Ini!",https://www.quipper.com/id/blog/mapel/bahasa-indonesia/mau-cepat-paham-materi-paragraf-deskripsi-yuk-simak-5-contoh-soal-dan-pembahasannya-ini/,Deskripsi
B.Indonesia,"Yuk, Pelajari 5 Contoh Soal Paragraf Deskripsi Agar Nilai Bahasa Indonesia Kamu Sempurna!",https://www.quipper.com/id/blog/mapel/yuk-pelajari-5-contoh-soal-paragraf-deskripsi-agar-nilai-bahasa-indonesia-kamu-sempurna/,Deskripsi
B.Indonesia,7 Contoh Paragraf Deskripsi Singkat Bahasa Indonesia,https://www.quipper.com/id/blog/masuk-ptn/sbmptn/bahasa-indonesia-sbmptn/7-contoh-paragraf-deskripsi-singkat-bahasa-indonesia/,Deskripsi
B.Indonesia,"4 Contoh Paragraf Deskripsi Tentang Hewan, Alam, Sekolah, Ekonomi, Lengkap dengan Struktur",https://www.quipper.com/id/blog/masuk-ptn/sbmptn/bahasa-indonesia-sbmptn/4-contoh-paragraf-deskripsi-tentang-hewan-alam-sekolah-ekonomi-lengkap-dengan-struktur/,Deskripsi
B.Indonesia,"Pengertian Paragraf Deskripsi Lengkap dengan Jenis, Tujuan, dan Cara Mengerjakan",https://www.quipper.com/id/blog/bahasa-indonesia-un-sma/pengertian-paragraf-deskripsi-lengkap-dengan-jenis-tujuan-dan-cara-mengerjakan/,Deskripsi
B.Indonesia,"12 Contoh Teks Narasi, Lengkap�dengan Pembahasannya",https://www.quipper.com/id/blog/mapel/bahasa-indonesia/contoh-teks-narasi/,Narasi
B.Indonesia,"Teks Narasi � Pengertian, Tujuan, Jenis, dan Contohnya",https://www.quipper.com/id/blog/mapel/bahasa-indonesia/teks-narasi/,Narasi
B.Indonesia,Inilah Pengertian Naskah Drama dan Contoh-contohnya!,https://www.quipper.com/id/blog/mapel/bahasa-indonesia/naskah-drama/,Drama
B.Indonesia,8 Contoh Teks Eksposisi Berbagai Tema Beserta Strukturnya,https://www.quipper.com/id/blog/mapel/bahasa-indonesia/contoh-teks-eksposisi/,Eksposisi
B.Indonesia,"Pembahasan Teks Eksposisi Lengkap dari Pengertian, Tujuan, Struktur, Ciri, dan Contohnya",https://www.quipper.com/id/blog/mapel/bahasa-indonesia/teks-eksposisi/,Eksposisi
B.Indonesia,"Contoh Teks Eksposisi Tentang Kesehatan, Seperti Apa Ya?",https://www.quipper.com/id/blog/mapel/bahasa-indonesia/teks-eksposisi-kesehatan/,Eksposisi
B.Indonesia,Kenalan Yuk Sama Teks Eksposisi Singkat di Sini!,https://www.quipper.com/id/blog/mapel/bahasa-indonesia/teks-eksposisi-singkat/,Eksposisi
B.Indonesia,Rancah-Rancah Pemahaman Teks Eksposisi Kita Yuk!,https://www.quipper.com/id/blog/mapel/bahasa-indonesia/pemahaman-teks-eksposisi/,Eksposisi
B.Indonesia,"Latihan Menulis Serta Menjelajahi Struktur Teks Eksposisi, Yuk!",https://www.quipper.com/id/blog/mapel/bahasa-indonesia/struktur-teks-eksposisi/,Eksposisi
B.Indonesia,Belajar Fitur-Fitur Teks Eksposisi dan Praktikkan Sendiri!,https://www.quipper.com/id/blog/mapel/bahasa-indonesia/fitur-fitur-teks-eksposisi/,Eksposisi
B.Indonesia,Berikut ini yang merupakan fungsi teks prosedur adalah,https://www.quipper.com/id/blog/tanya/berikut-ini-yang-merupakan-fungsi-teks-prosedur-adalah/,Lainnya
B.Indonesia,Pengertian dan Struktur Teks Prosedur Lengkap dengan Contohnya,https://www.quipper.com/id/blog/mapel/bahasa-indonesia/materi-teks-prosedur-kelas-x/,Lainnya
B.Indonesia,Kumpulan Contoh Teks Prosedur dalam Kehidupan Sehari-hari,https://www.quipper.com/id/blog/mapel/bahasa-indonesia/contoh-teks-prosedur/,Lainnya
B.Indonesia,"APBN Ekonomi Kelas 11 � Pengertian, Fungsi & Prosedur",https://www.quipper.com/id/blog/mapel/ekonomi/apbn-ekonomi-kelas-11/,Lainnya
B.Indonesia,Simak Prosedur dan Tips Mengerjakan UTBK SBMPTN 2019 Ini!,https://www.quipper.com/id/blog/masuk-ptn/sbmptn/simak-prosedur-dan-tips-mengerjakan-utbk-sbmptn-2019-ini/,Lainnya
B.Indonesia,Mau Nilai Bagus? Pelajari 5 Contoh Soal Teks Prosedur Kelas X Ini!,https://www.quipper.com/id/blog/mapel/bahasa-indonesia/contoh-soal-teks-prosedur/,Lainnya
B.Indonesia,"Puisi Rakyat � Pengertian, Jenis, dan Contohnya",https://www.quipper.com/id/blog/mapel/bahasa-indonesia/puisi-rakyat/,Puisi
B.Indonesia,10 Rekomendasi Film dan Drama Terbaik Wajib Ditonton bagi Mahasiswa Hukum,https://www.quipper.com/id/blog/quipper-campus/campus-life/p-rekomedasi-film-tentang-hukum/,Drama
B.Indonesia,"Yuk, Baca Beragam Contoh Teks Drama Ini Biar Kamu Paham Materi Teks Drama!",https://www.quipper.com/id/blog/mapel/bahasa-indonesia/contoh-teks-drama/,Drama
B.Indonesia,"Mau Paham Pengertian & Unsur-unsur Teks Drama? Yuk, Simak Ulasannya!",https://www.quipper.com/id/blog/mapel/pengertian-dan-unsur-teks-drama/,"Drama, Resensi"
B.Indonesia,Pengertian Kalimat Efektif dan Contoh Penggunaanya yang Benar,https://www.quipper.com/id/blog/mapel/bahasa-indonesia/kalimat-efektif/,Lainnya
B.Indonesia,Pelajari 5 Contoh Soal Kalimat Efektif Ini Agar Lulus SBMPTN 2018!,https://www.quipper.com/id/blog/masuk-ptn/sbmptn/bahasa-indonesia-sbmptn/contoh-soal-kalimat-efektif/,Lainnya
B.Indonesia,Simak Pembahasan Kalimat Efektif Berikut Biar Kamu Semakin Mahir Merangkai Kata!,https://www.quipper.com/id/blog/mapel/bahasa-indonesia/pembahasan-kalimat-efektif/,Lainnya
B.Indonesia,Apa Itu Teks Deskripsi & Ciri-Cirinya? | Bahasa Indonesia Kelas 5,https://www.ruangguru.com/blog/memahami-teks-deskripsi,Deskripsi
B.Indonesia,Memahami Struktur Teks Deskripsi Berdasarkan Contohnya | Bahasa Indonesia Kelas 7,https://www.ruangguru.com/blog/mengenal-unsur-teks-deskripsi,Deskripsi
B.Indonesia,20 Contoh Teks Deskripsi Singkat beserta Strukturnya | Bahasa Indonesia Kelas 7,https://www.ruangguru.com/blog/contoh-teks-deskripsi-dan-strukturnya,Deskripsi
B.Indonesia,"Pengertian Teks Deskripsi, Ciri, Struktur, Jenis & Contoh | Bahasa Indonesia Kelas 7",https://www.ruangguru.com/blog/pengertian-teks-deskripsi,Deskripsi
B.Indonesia,25 Contoh Teks Eksposisi Singkat Berbagai Tema & Strukturnya | Bahasa Indonesia Kelas 10,https://www.ruangguru.com/blog/contoh-teks-eksposisi-beserta-struktur-dan-kaidah-kebahasaannya,Eksposisi
B.Indonesia,"Teks Eksposisi: Pengertian, Ciri, Struktur, Pola Pengembangan & Contoh | Bahasa Indonesia Kelas 8",https://www.ruangguru.com/blog/struktur-teks-eksposisi-beserta-contohnya,Eksposisi
B.Indonesia,Mengenal Jenis-Jenis Teks Eksposisi dan Contohnya | Bahasa Indonesia Kelas 10,https://www.ruangguru.com/blog/mengenal-jenis-jenis-dan-contoh-teks-eksposisi,Eksposisi
B.Indonesia,"Mengenal Ciri-Ciri Teks Prosedur, Struktur & Contohnya | Bahasa Indonesia Kelas 7",https://www.ruangguru.com/blog/mengidentifikasi-teks-prosedur,Deskripsi
B.Indonesia,20 Contoh Teks Prosedur Sederhana & Ciri-Cirinya | Bahasa Indonesia Kelas 11,https://www.ruangguru.com/blog/contoh-teks-prosedur-sederhana,Deskripsi
B.Indonesia,"21 Contoh Teks Prosedur Sederhana, Kompleks & Protokol | Bahasa Indonesia Kelas 11",https://www.ruangguru.com/blog/contoh-teks-prosedur,Lainnya
B.Indonesia,"Teks Prosedur: Pengertian, Tujuan, Ciri, Jenis, Struktur & Contohnya | Bahasa Indonesia Kelas 11",https://www.ruangguru.com/blog/mengenal-jenis-dan-contoh-teks-prosedur,Lainnya
B.Indonesia,"Jadwal SMUP Unpad 2023, Syarat, Ketentuan & Prosedur Pendaftaran",https://www.ruangguru.com/blog/seleksi-mandiri-smup-unpad,Lainnya
B.Indonesia,"Mengenal Piutang, Ciri, Jenis, dan Prosedur Pencatatannya | SMK Kelas 11",https://www.ruangguru.com/blog/penjelasan-piutang-dan-pencatatan-kartu-piutang,Lainnya
B.Indonesia,Apa Saja Prosedur Pendirian Koperasi? | Ekonomi Kelas 10,https://www.ruangguru.com/blog/ekonomi-kelas-10-apa-saja-prosedur-pendirian-koperasi,Lainnya
B.Indonesia,"Puisi Rakyat: Pengertian, Ciri, Jenis, Struktur & Contohnya | Bahasa Indonesia Kelas 7",https://www.ruangguru.com/blog/puisi-rakyat,Puisi
B.Indonesia,"30 Contoh Puisi Rakyat: Pantun, Gurindam & Syair, Lengkap! | Bahasa Indonesia Kelas 7",https://www.ruangguru.com/blog/contoh-puisi-rakyat,Puisi
B.Indonesia,"Pengertian Teks Drama, Ciri, Unsur, Struktur & Contoh | Bahasa Indonesia Kelas 11",https://www.ruangguru.com/blog/pengertian-dan-unsur-unsur-teks-drama,Drama
B.Indonesia,20 Contoh Naskah Drama Pendek berbagai Tema | Bahasa Indonesia Kelas 11,https://www.ruangguru.com/blog/contoh-naskah-drama,Drama
B.Indonesia,"Pengertian Drama, Ciri, Unsur, Struktur & Kebahasaannya | Bahasa Indonesia Kelas 8",https://www.ruangguru.com/blog/mengenal-drama,Drama
B.Indonesia,Mengenal Autisme (ASD) dari Drama Extraordinary Attorney Woo,https://www.ruangguru.com/blog/mengenal-autisme,Drama
B.Indonesia,7 Rekomendasi Drama Korea Sesuai Pilihan Jurusan Kuliah Kamu,https://www.ruangguru.com/blog/rekomendasi-drama-korea-sesuai-jurusan-kuliah,Drama
B.Indonesia,Cerita Seru Jadi Translator Drama Korea Bareng Deaz Putri,https://www.ruangguru.com/blog/cerita-seru-jadi-translator-drama-korea,"Drama, Narasi"
B.Indonesia,Belajar Sejarah Konflik Asia Timur dari Drama Korea | Sejarah Kelas 12,https://www.ruangguru.com/blog/sejarah-kelas-12-belajar-sejarah-konflik-asia-timur-dari-drama-korea,Drama
B.Indonesia,"Pengertian Kalimat Efektif, Ciri-Ciri, Syarat & Contoh | Bahasa Indonesia Kelas 12",https://www.ruangguru.com/blog/kalimat-efektif,Deskripsi
B.Indonesia,"Teks Deskripsi � Struktur, Ciri-Ciri, Jenis, dan Contohnya",https://www.zenius.net/blog/teks-deskripsi-adalah-struktur-contoh,Deskripsi
B.Indonesia,Kumpulan Contoh Teks Narasi Singkat Beserta Strukturnya,https://www.zenius.net/blog/contoh-teks-narasi-singkat-beserta-struktur,Narasi
B.Indonesia,"Teks Narasi � Pengertian, Ciri, Struktur, Jenis, dan Unsur",https://www.zenius.net/blog/konsep-teks-narasi,Narasi
B.Indonesia,5 Contoh Teks Eksposisi Singkat Lengkap Beserta Strukturnya � Materi Bahasa Indonesia Kelas 10,https://www.zenius.net/blog/contoh-teks-eksposisi-singkat,Eksposisi
B.Indonesia,Bagaimana Cara Membuat Teks Eksposisi yang Benar? � Materi Bahasa Indonesia Kelas 10,https://www.zenius.net/blog/cara-membuat-teks-eksposisi,Eksposisi
B.Indonesia,Pengertian dan Contoh Teks Eksposisi � Materi Bahasa Indonesia Kelas 10,https://www.zenius.net/blog/teks-eksposisi,Eksposisi
B.Indonesia,"Contoh Teks Prosedur Sederhana, Protokol, dan Kompleks � Materi Bahasa Indonesia Kelas 11",https://www.zenius.net/blog/contoh-teks-prosedur-sederhana-kompleks,Lainnya
B.Indonesia,"Teks Prosedur, Struktur & Contoh Kalimat yang Digunakan � Materi Bahasa Indonesia Kelas 11",https://www.zenius.net/blog/pengertian-teks-prosedur-kompleks-contoh,Lainnya
B.Indonesia,Manfaat DNA Fingerprinting dan Prosedur Kerjanya � Materi Biologi Kelas 12,https://www.zenius.net/blog/dna-fingerprinting,Lainnya
B.Indonesia,"8 Drama Korea Tentang Sekolah, Dijamin Bikin Semangat Belajar Meningkat",https://www.zenius.net/blog/rekomendasi-drama-korea-tentang-sekolah,Drama
B.Indonesia,11 Bahasa Gaul Korea yang Sering Muncul di Kdrama,https://www.zenius.net/blog/bahasa-gaul-korea,Drama
B.Indonesia,Ini dia 5 Rekomendasi Drama Korea Tentang Perjuangan Menggapai Mimpi,https://www.zenius.net/blog/5-rekomendasi-drama-korea-tentang-perjuangan,Drama
B.Indonesia,Pengertian Kalimat Efektif Beserta Ciri-Ciri dan Contohnya,https://www.zenius.net/blog/pengertian-struktur-kalimat-efektif,Deskripsi
B.Indonesia,"Pengertian Teks Eksplanasi, Ciri, Struktur, dan Contohnya",https://www.brainacademy.id/blog/teks-eksplanasi,Lainnya
B.Indonesia,18 Contoh Teks Eksplanasi Singkat dan Strukturnya,https://www.brainacademy.id/blog/contoh-teks-eksplanasi,Lainnya
B.Indonesia,"Pengertian Teks Berita, Unsur, Struktur, Jenis dan Contoh",https://www.brainacademy.id/blog/memahami-teks-berita,Lainnya
B.Indonesia,20 Contoh Teks Berita dan Strukturnya dalam Berbagai Topik,https://www.brainacademy.id/blog/contoh-teks-berita,Lainnya
B.Indonesia,"10 Contoh Resensi Buku, Novel, Film, Cerpen & Strukturnya",https://www.brainacademy.id/blog/contoh-resensi,"Cerpen, Novel, Resensi"
B.Indonesia,"Pengertian Teks Resensi, Struktur, Jenis, dan Contohnya!",https://www.brainacademy.id/blog/teks-resensi,Resensi
B.Indonesia,"Memahami Cerpen: Pengertian, Struktur, Jenis dan Ciri-Ciri",https://www.brainacademy.id/blog/cerpen-cerita-pendek,"Cerpen, Deskripsi"
B.Indonesia,15 Contoh Cerpen Singkat berbagai Tema yang Seru Dibaca,https://www.brainacademy.id/blog/contoh-cerita-pendek,Cerpen
B.Indonesia,Urutan struktur yang tepat pada ciri-ciri teks eksplanasi adalah,https://www.quipper.com/id/blog/tanya/urutan-struktur-yang-tepat-pada-ciri-ciri-teks-eksplanasi-adalah/,Deskripsi
B.Indonesia,Kumpulan Contoh Teks Eksplanasi Beserta Strukturnya,https://www.quipper.com/id/blog/mapel/contoh-teks-eksplanasi/,Lainnya
B.Indonesia,Bagian akhir atau penutup dari sebuah teks eksplanasi disebut sebagai,https://www.quipper.com/id/blog/tanya/bagian-akhir-atau-penutup-dari-sebuah-teks-eksplanasi-disebut-sebagai/,Lainnya
B.Indonesia,"Pengertian Teks Eksplanasi Lengkap dengan Ciri-ciri, Struktur & Contoh",https://www.quipper.com/id/blog/mapel/bahasa-indonesia/teks-eksplanasi/,Deskripsi
B.Indonesia,"Pengertian Teks Berita: Ciri, Struktur, Jenis, Unsur dan Contoh",https://www.quipper.com/id/blog/mapel/bahasa-indonesia/teks-berita/,Lainnya
B.Indonesia,"Memahami Contoh Teks Berita sesuai Unsur, Struktur dan Kaidah Kebahasaan",https://www.quipper.com/id/blog/mapel/bahasa-indonesia/contoh-teks-berita/,Lainnya
B.Indonesia,Surat Pemberitahuan Adalah? Berikut Contoh dan Cara Penulisannya,https://www.quipper.com/id/blog/mapel/bahasa-indonesia/surat-pemberitahuan/,Surat
B.Indonesia,Pemberitahuan Kendala Teknis Aplikasi Quipper di Google Play Store,https://www.quipper.com/id/blog/quipper-land/quipper-info/teknis-quipper-google-play/,Lainnya
B.Indonesia,"Biar Tak Ketinggalan Berita, Cek Informasi SNMPTN 2019 Ter-Update Ini!",https://www.quipper.com/id/blog/snmptn/informasi-snmptn-2019/,Eksposisi
B.Indonesia,"Mau Jadi Jurnalis? Yuk, Perdalam Pengetahuanmu dan Belajar Teks Berita!",https://www.quipper.com/id/blog/masuk-ptn/sbmptn/bahasa-indonesia-sbmptn/mau-jadi-jurnalis-yuk-perdalam-pengetahuanmu-dan-belajar-teks-berita/,Lainnya
B.Indonesia,Belajar Teks Berita Susah? Simak Dulu Tips Ini!,https://www.quipper.com/id/blog/masuk-ptn/sbmptn/bahasa-indonesia-sbmptn/belajar-teks-berita-susah-simak-dulu-tips-ini/,Lainnya
B.Indonesia,5 Manfaat Belajar Teks Berita,https://www.quipper.com/id/blog/masuk-ptn/sbmptn/bahasa-indonesia-sbmptn/5-manfaat-belajar-teks-berita/,Lainnya
B.Indonesia,"Ayo Belajar Teks Berita Lengkap dengan Pembahasan, Struktur, Isi dan Contohnya!",https://www.quipper.com/id/blog/bahasa-indonesia-un-sma/ayo-belajar-teks-berita-lengkap-dengan-pembahasan-struktur-isi-dan-contohnya/,Lainnya
B.Indonesia,Belajar Teks Berita Lengkap dengan Tutorial Mengerjakannya!,https://www.quipper.com/id/blog/bahasa-indonesia-un-sma/belajar-teks-berita-lengkap-dengan-tutorial-mengerjakannya/,Lainnya
B.Indonesia,"Membuat Berita Seperti Jurnalis, Cara Efektif Belajar Teks Berita!",https://www.quipper.com/id/blog/masuk-ptn/sbmptn/bahasa-indonesia-sbmptn/membuat-berita-seperti-jurnalis-cara-efektif-belajar-teks-berita/,Lainnya
B.Indonesia,"Fokus Pada 3 Aspek Struktur Teks, Bikin Kamu Mudah Belajar Teks Berita!",https://www.quipper.com/id/blog/bahasa-indonesia-un-sma/fokus-pada-3-aspek-struktur-teks-bikin-kamu-mudah-belajar-teks-berita/,Lainnya
B.Indonesia,"Belajar Teks Berita Lengkap dengan Pengertian, Struktur, Sifat, dan Contohnya!",https://www.quipper.com/id/blog/bahasa-indonesia-un-sma/belajar-teks-berita-lengkap-dengan-pengertian-struktur-sifat-dan-contohnya/,Lainnya
B.Indonesia,Sering lihat Acara Berita di TV? Pembawa Berita yang Hits Kebanyakan Alumni Unair Lho!,https://www.quipper.com/id/blog/quipper-campus/campus-life/sering-lihat-acara-berita-di-tv-pembawa-berita-yang-hits-kebanyakan-alumni-unair-lho/,Lainnya
B.Indonesia,Yakin Sudah Menguasai Bahasa Indonesia? Yuk Perdalam Lagi dengan Belajar Teks Berita Bahasa Indonesia!,https://www.quipper.com/id/blog/mapel/yakin-sudah-menguasai-bahasa-indonesia-yuk-perdalam-lagi-dengan-belajar-teks-berita-bahasa-indonesia/,Lainnya
B.Indonesia,Inilah Pengertian dan Kumpulan Contoh Resensi Buku,https://www.quipper.com/id/blog/mapel/bahasa-indonesia/contoh-resensi-buku/,Resensi
B.Indonesia,Belajar Asyik Sistematika Penulisan Resensi Agar Kamu Enggak Gampang Nge-judge!,https://www.quipper.com/id/blog/mapel/bahasa-indonesia/sistematika-penulisan-resensi/,Resensi
B.Indonesia,Beragam Contoh Resensi Kekinian Pengguna Media Sosial Millennial,https://www.quipper.com/id/blog/mapel/bahasa-indonesia/contoh-resensi-kekinian-media-sosial/,Resensi
B.Indonesia,"Unsur-unsur Intrinsik dan Ekstrinsik pada Cerpen, Lengkap dengan Contoh",https://www.quipper.com/id/blog/mapel/bahasa-indonesia/unsur-intrinsik-ekstrinsik-cerpen/,Cerpen
B.Indonesia,"Memahami Cerpen dari Pengertian, Tujuan dan Contohnya",https://www.quipper.com/id/blog/mapel/bahasa-indonesia/cerpen/,Cerpen
B.Indonesia,"Teks Cerpen � Pengertian, Struktur, dan Contoh",https://www.quipper.com/id/blog/mapel/bahasa-indonesia/teks-cerpen/,Cerpen
B.Indonesia,Contoh-Contoh Puisi Baru,https://www.quipper.com/id/blog/tips-trick/your-life/contoh-contoh-puisi-baru/,Puisi
B.Indonesia,Puisi Baru � Bahasa Indonesia Kelas 10,https://www.quipper.com/id/blog/mapel/bahasa-indonesia/puisi-baru-bahasa-indonesia-kelas-10/,Puisi
B.Indonesia,Belajar Teks Eksplanasi dari Sekitar | Bahasa Indonesia Kelas 6,https://www.ruangguru.com/blog/pengertian-dan-ciri-teks-eksplanasi,Lainnya
B.Indonesia,20 Contoh Teks Eksplanasi Berbagai Topik & Strukturnya | Bahasa Indonesia Kelas 11,https://www.ruangguru.com/blog/contoh-teks-eksplanasi-beserta-strukturnya,Lainnya
B.Indonesia,"Pengertian Teks Eksplanasi, Ciri, Tujuan, Struktur & Contohnya | Bahasa Indonesia Kelas 11",https://www.ruangguru.com/blog/ciri-ciri-dan-contoh-teks-eksplanasi,Lainnya
B.Indonesia,Membahas Ciri-Ciri Teks Eksplanasi & Contohnya | Bahasa Indonesia Kelas 8,https://www.ruangguru.com/blog/teks-eksplanasi-dan-contohnya,Deskripsi
B.Indonesia,Mengenal Struktur Teks Eksplanasi | Bahasa Indonesia Kelas 6,https://www.ruangguru.com/blog/struktur-teks-eksplanasi,Lainnya
B.Indonesia,Cara Menganalisis Teks Berita dari Strukturnya | Bahasa Indonesia Kelas 12,https://www.ruangguru.com/blog/mengenal-unsur-unsur-teks-berita,Lainnya
B.Indonesia,25 Contoh Teks Berita Singkat Berbagai Topik dengan Unsur 5W+1H | Bahasa Indonesia Kelas 8,https://www.ruangguru.com/blog/contoh-teks-berita,Lainnya
B.Indonesia,"Pengertian Teks Berita, Unsur, Struktur, Jenis & Contoh | Bahasa Indonesia Kelas 8",https://www.ruangguru.com/blog/ciri-ciri-dan-struktur-teks-berita,Lainnya
B.Indonesia,Apakah Menonton Tayangan Berita Itu Baik untuk Anak-anak?,https://www.ruangguru.com/blog/apakah-menonton-tayangan-berita-itu-baik-untuk-anak,Lainnya
B.Indonesia,5 Cara Memberitahu Tahu Orang Tua Mengenai Masalah Siswa Saat Terima Rapor,https://www.ruangguru.com/blog/5-cara-memberitahu-tahu-orang-tua-mengenai-siswa-bermasalah,Lainnya
B.Indonesia,Kenapa Kita Bisa Terperangkap Berita Hoax?,https://www.ruangguru.com/blog/hoax,Lainnya
B.Indonesia,"Selamat Tinggal Berita Hoax, Ikuti 5 Strategi Menghindarinya Yuk!",https://www.ruangguru.com/blog/selamat-tinggal-berita-hoax,Lainnya
B.Indonesia,10 Contoh Resensi Buku Fiksi dan Nonfiksi serta Strukturnya | Bahasa Indonesia Kelas 11,https://www.ruangguru.com/blog/contoh-resensi-buku,"Cerpen, Resensi"
B.Indonesia,"Pengertian Resensi, Manfaat, Struktur & Cara Menyusunnya | Bahasa Indonesia Kelas 11",https://www.ruangguru.com/blog/cara-membuat-resensi-buku,Resensi
B.Indonesia,Resensi Buku The Joy of Missing Out Karya Tanya Dalton,https://www.ruangguru.com/blog/resensi-buku-the-joy-of-missing-out-karya-tanya-dalton,Resensi
B.Indonesia,Resensi Buku Her Name Is � Karya Cho Nam Joo,https://www.ruangguru.com/blog/resensi-buku-her-name-is-karya-cho-nam-joo,Resensi
B.Indonesia,Resensi Buku Di Tanah Lada Karya�Ziggy Zazsyazeoviennazabrizkie,https://www.ruangguru.com/blog/resensi-buku-di-tanah-lada-karya-ziggy-zazsyazeoviennazabrizkie,Resensi
B.Indonesia,Pengertian dan Contoh Resensi dalam Bahasa Inggris | Bahasa Inggris Kelas 12,https://www.ruangguru.com/blog/blog-ruangguru-com-pengertian-dan-contoh-resensi-dalam-bahasa-inggris,Resensi
B.Indonesia,Resensi Buku Almond Karya Sohn Won Pyung,https://www.ruangguru.com/blog/resensi-buku-almond-karya-sohn-won-pyung,Resensi
B.Indonesia,Cara Menganalisis Unsur Ekstrinsik Cerpen | Bahasa Indonesia Kelas 11,https://www.ruangguru.com/blog/analisis-unsur-ekstrinsik-cerpen,Cerpen
B.Indonesia,Cara Menganalisis Unsur Intrinsik Cerpen | Bahasa Indonesia Kelas 11,https://www.ruangguru.com/blog/analisis-unsur-intrinsik-cerpen,Cerpen
B.Indonesia,30 Contoh Cerpen Singkat dan Menarik Berbagai Tema | Bahasa Indonesia Kelas 9,https://www.ruangguru.com/blog/contoh-cerpen-singkat-dan-strukturnya,Cerpen
B.Indonesia,"Cerpen: Pengertian, Ciri, Unsur, Jenis, Struktur & Contoh | Bahasa Indonesia Kelas 11",https://www.ruangguru.com/blog/apa-itu-cerpen,Cerpen
B.Indonesia,Apa Saja Unsur-Unsur Ekstrinsik Cerpen? | Bahasa Indonesia Kelas 9,https://www.ruangguru.com/blog/bahasa-indonesia-kelas-9-unsur-ekstrinsik-cerita-pendek,Cerpen
B.Indonesia,Apa Saja Unsur-Unsur Intrinsik Cerpen? | Bahasa Indonesia Kelas 9,https://www.ruangguru.com/blog/unsur-unsur-intrinsik-cerita-pendek,Cerpen
B.Indonesia,17 Contoh Puisi Baru berdasarkan Jenis-Jenisnya | Bahasa Indonesia Kelas 10,https://www.ruangguru.com/blog/mengenal-jenis-jenis-dan-contoh-puisi-baru,Puisi
B.Indonesia,Pembahasan Lengkap Teks Eksplanasi � Materi Bahasa Indonesia Kelas 11,https://www.zenius.net/blog/teks-eksplanasi,Lainnya
B.Indonesia,5 Contoh Teks Eksplanasi Singkat Beserta Strukturnya � Materi Bahasa Indonesia Kelas 11,https://www.zenius.net/blog/contoh-teks-eksplanasi,Lainnya
B.Indonesia,Berita Gembira: Promo Zenius x AXISnet 2021,https://www.zenius.net/blog/promo-zenius-axis,Lainnya
B.Indonesia,Teh Manis Kamis: Gue Perlu Baca Berita Enggak Sih?,https://www.zenius.net/blog/gue-perlu-baca-berita-enggak-sih,Lainnya
B.Indonesia,5 Cara Meresensi Buku � Mulai dari Unsur Hingga Strukturnya,https://www.zenius.net/blog/cara-meresensi-buku,Resensi
B.Indonesia,"Contoh Resensi Buku Fiksi, Nonfiksi, dan Buku Pelajaran",https://www.zenius.net/blog/contoh-resensi-buku-fiksi-non-fiksi,"Cerpen, Resensi"
B.Indonesia,Resensi Buku � Materi Bahasa Indonesia Kelas 11,https://www.zenius.net/blog/materi-bahasa-indonesia-resensi-buku,Resensi
B.Indonesia,Resensi Cosmos � Episode 1,https://www.zenius.net/blog/resensi-cosmos-episode-1,Resensi
B.Indonesia,"Resensi Buku : Guns, Germs, and Steel",https://www.zenius.net/blog/guns-germs-steel-bedil-kuman-baja,Resensi
B.Indonesia,"Pengertian Cerpen, Unsur, Struktur, dan Cirinya � Materi Bahasa Indonesia Kelas 11",https://www.zenius.net/blog/cerpen-pengertian-unsur-dan-ciri-cirinya,Cerpen
B.Indonesia,Cara Menulis Cerita Pendek dan Manfaat Membaca Cerpen,https://www.zenius.net/blog/cerita-pendek,"Cerpen, Narasi"
B.Indonesia,30 Contoh Teks Laporan Percobaan Singkat beserta Strukturnya,https://www.brainacademy.id/blog/contoh-teks-laporan-percobaan,Laporan
B.Indonesia,"Teks Laporan Percobaan: Pengertian, Struktur, Ciri, & Contoh",https://www.brainacademy.id/blog/teks-laporan-percobaan-pengertian-struktur-tujuan-contoh,Laporan
B.Indonesia,"Teks Ceramah: Pengertian, Struktur, Ciri, Unsur, & Contoh",https://www.brainacademy.id/blog/teks-ceramah,Pidato
B.Indonesia,18 Contoh Teks Ceramah Singkat beserta Strukturnya,https://www.brainacademy.id/blog/contoh-teks-ceramah,Pidato
B.Indonesia,15 Contoh Teks Debat Singkat dalam Berbagai Macam Tema,https://www.brainacademy.id/blog/contoh-teks-debat,Lainnya
B.Indonesia,"Pengertian Teks Debat, Struktur, Contoh, Ciri & Kebahasaan",https://www.brainacademy.id/blog/teks-debat,Lainnya
B.Indonesia,30 Contoh Novel dalam Berbagai Macam Tema,https://www.brainacademy.id/blog/contoh-novel,Novel
B.Indonesia,"Novel: Ciri, Struktur, Unsur, Jenis, Contoh & Kebahasaannya",https://www.brainacademy.id/blog/ciri-struktur-unsur-dan-kebahasaan-novel,Novel
B.Indonesia,"Contoh Teks Laporan Percobaan, Struktur, dan Ciri-cirinya",https://www.quipper.com/id/blog/mapel/bahasa-indonesia/contoh-teks-laporan/,"Deskripsi, Laporan"
B.Indonesia,Tujuan penulisan teks laporan percobaan adalah,https://www.quipper.com/id/blog/tanya/tujuan-penulisan-teks-laporan-percobaan-adalah/,Laporan
B.Indonesia,Teks Laporan Percobaan � Bahasa Indonesia Kelas 9,https://www.quipper.com/id/blog/mapel/bahasa-indonesia/teks-laporan-percobaan/,Laporan
B.Indonesia,"Ceramah: Pengertian, Jenis, dan Tujuannya � Bahasa Indonesia Kelas 11",https://www.quipper.com/id/blog/mapel/bahasa-indonesia/ceramah/,Pidato
B.Indonesia,Inilah Metode Ceramah yang Digunakan Guru dalam Kegiatan Pembelajaran,https://www.quipper.com/id/blog/info-guru/metode-ceramah/,Pidato
B.Indonesia,Teks Ceramah � Bahasa Indonesia Kelas 11,https://www.quipper.com/id/blog/mapel/bahasa-indonesia/teks-ceramah/,Pidato
B.Indonesia,"Pahami Tata Cara Debat, Etika, dan Teknik Berbicara Saat Berdebat",https://www.quipper.com/id/blog/mapel/bahasa-indonesia/tata-cara-debat/,Lainnya
B.Indonesia,"Pengertian Debat, Tujuan, Ciri-ciri, Struktur, dan Jenisnya",https://www.quipper.com/id/blog/mapel/bahasa-indonesia/debat/,Deskripsi
B.Indonesia,Teks Debat � Bahasa Indonesia Kelas� 10,https://www.quipper.com/id/blog/mapel/bahasa-indonesia/teks-debat-bahasa-indonesia-kelas-10/,Lainnya
B.Indonesia,Berikut 5 Hal yang Harus Dipersiapkan untuk Menang Kompetisi Debat,https://www.quipper.com/id/blog/quipper-campus/campus-info/menang-kompetisi-debat/,Lainnya
B.Indonesia,Simak Ulasan Menarik tentang Pengertian Debat dan Contohnya Ini!,https://www.quipper.com/id/blog/mapel/bahasa-indonesia/ulasan-pengertian-debat/,Resensi
B.Indonesia,Perdebatan Antara Arah Aliran Arus Rangkaian Listrik dengan Arah Aliran Elektron,https://www.quipper.com/id/blog/mapel/arah-aliran-arus-rangkaian-listrik-dengan-aliran-elektron/,Lainnya
B.Indonesia,Ini Sejarah Lahirnya Palang Merah Indonesia yang Jadi Perdebatan Dunia,https://www.quipper.com/id/blog/tips-trick/your-life/sejarah-palang-merah-indonesia/,Lainnya
B.Indonesia,Ikut Lomba Debat? Ini 5 Faktor Penting yang akan Membuat Kamu Juara!,https://www.quipper.com/id/blog/tips-trick/ikut-lomba-debat-ini-5-faktor-penting-yang-akan-membuat-kamu-juara/,Lainnya
B.Indonesia,"Pengertian Teks Ulasan Novel � Tujuan, Struktur & Contoh",https://www.quipper.com/id/blog/mapel/bahasa-indonesia/teks-ulasan-novel/,"Novel, Resensi"
B.Indonesia,5 Novel tentang Kuliah yang Bikin Kamu Semangat Lulus SMA!,https://www.quipper.com/id/blog/tips-trick/your-life/5-novel-tentang-kuliah-yang-bikin-kamu-semangat-lulus-sma/,Novel
B.Indonesia,30 Contoh Teks Laporan Percobaan Singkat & Strukturnya | Bahasa Indonesia Kelas 9,https://www.ruangguru.com/blog/contoh-laporan-percobaan-dan-strukturnya,Laporan
B.Indonesia,"Pengertian Teks Laporan Percobaan, Ciri, Struktur & Kebahasaannya | Bahasa Indonesia Kelas 9",https://www.ruangguru.com/blog/mengenal-teks-laporan-percobaan,Laporan
B.Indonesia,30 Contoh Teks Ceramah Singkat Beragam Tema & Struktur | Bahasa Indonesia Kelas 11,https://www.ruangguru.com/blog/contoh-teks-ceramah,Pidato
B.Indonesia,"Teks Ceramah: Pengertian, Unsur, Struktur & Ciri Kebahasaan | Bahasa Indonesia Kelas 11",https://www.ruangguru.com/blog/unsur-unsur-dan-struktur-teks-ceramah,Pidato
B.Indonesia,"15 Contoh Teks Ceramah Ramadan Singkat, Lucu & Menyentuh Hati | Bahasa Indonesia Kelas 11",https://www.ruangguru.com/blog/contoh-teks-ceramah-ramadan,Pidato
B.Indonesia,"Pengertian Teks Debat, Tujuan, Struktur, Unsur & Contoh | Bahasa Indonesia Kelas 10",https://www.ruangguru.com/blog/mengenal-teks-debat,Lainnya
B.Indonesia,"Profil Cedrick, Peserta Academy of Champions yang Jago Debat",https://www.ruangguru.com/blog/profil-cedrick-academy-of-champions,Lainnya
B.Indonesia,20 Contoh Teks Debat Singkat berdasarkan Strukturnya | Bahasa Indonesia Kelas 10,https://www.ruangguru.com/blog/contoh-teks-debat,Lainnya
B.Indonesia,"Pengertian Novel, Ciri, Unsur Pembentuk, Struktur, dan Contohnya | Bahasa Indonesia Kelas 12",https://www.ruangguru.com/blog/menganalisis-unsur-unsur-novel,Novel
B.Indonesia,"25 Contoh Teks Ulasan Novel, Film, Lagu beserta Strukturnya | Bahasa Indonesia Kelas 8",https://www.ruangguru.com/blog/contoh-teks-ulasan,"Novel, Resensi"
B.Indonesia,8 Jenis Puisi Kontemporer beserta Ciri & Contoh | Bahasa Indonesia Kelas 12,https://www.ruangguru.com/blog/3-jenis-puisi-kontemporer,Puisi
B.Indonesia,Belajar Cara Menganalisis Puisi Kontemporer | Bahasa Indonesia Kelas 12,https://www.ruangguru.com/blog/analisis-puisi-kontemporer,Puisi
B.Indonesia,Cara Menganalisis dan Membuat Teks Ceramah � Materi Bahasa Indonesia Kelas 11,https://www.zenius.net/blog/materi-bahasa-indonesia-kelas-11-teks-ceramah,Pidato
B.Indonesia,Belajar Membuat Teks Ceramah dan Menjadi Penceramah yang Baik,https://www.zenius.net/blog/membuat-contoh-teks-naskah-ceramah,Pidato
B.Indonesia,Konsep dan Struktur Teks Ceramah � Materi Bahasa Indonesia Kelas 11,https://www.zenius.net/blog/bahasa-indonesia-kelas-11-konsep-struktur-teks-ceramah,Pidato
B.Indonesia,Ikuti Kompetisi Debat Sastra Tingkat SMA 2022 tentang Karya Chairil Anwar besama Salihara,https://www.zenius.net/blog/kompetisi-debat-sastra-salihara,Lainnya
B.Indonesia,Tata Cara Debat yang Baik � Materi Bahasa Indonesia Kelas 10,https://www.zenius.net/blog/tata-cara-debat-yang-baik,Lainnya
B.Indonesia,"Suka Debat? Yuk, Kenali Konsep, Unsur, dan Strukturnya!",https://www.zenius.net/blog/debat-konsep-unsur-dan-struktur,Lainnya
B.Indonesia,Struktur dan Unsur Kebahasaan Novel � Materi Bahasa Indonesia Kelas 12,https://www.zenius.net/blog/novel,Novel
B.Indonesia,Novel Matilda: 5 Kepribadian yang Bikin Lo Cerdas! | Book Club,https://www.zenius.net/blog/novel-matilda,Novel
B.Indonesia,7 Rekomendasi Novel Bertema Sejarah Buat Ngisi Waktu Luang,https://www.zenius.net/blog/rekomendasi-novel-bertema-sejarah,Novel
IPS,Letak Geografis & Astronomis Indonesia beserta Pengaruhnya,https://www.brainacademy.id/blog/letak-geografis-dan-astronomis-indonesia,Geografi
IPS,"Interaksi Sosial: Pengertian, Ciri, Syarat, Bentuk, & Faktor",https://www.brainacademy.id/blog/interaksi-sosial,Sosiologi
IPS,"Sumber Daya Alam: Pengertian, Jenis, Contoh & Cara Melestarikan",https://www.brainacademy.id/blog/sumber-daya-alam,"Ekonomi, Geografi"
IPS,Mengenal Letak Geografis Negara ASEAN dan Keuntungannya,https://www.quipper.com/id/blog/mapel/geografi/letak-geografis-negara-asean/,"Geografi, Politik"
IPS,Sumber Daya Alam � Geografi Kelas 9,https://www.quipper.com/id/blog/mapel/geografi/sumber-daya-alam/,"Ekonomi, Geografi"
IPS,Contoh Soal HOTS Pola Interaksi Sosial dan Cara Menghadapinya,https://www.quipper.com/id/blog/mapel/contoh-soal-hots-pola-interaksi-sosial/,Sosiologi
IPS,"Yuk, Belajar Pola Interaksi Sosial dalam Mata Pelajaran Sosiologi!",https://www.quipper.com/id/blog/mapel/pola-interaksi-sosial-sosiologi/,Sosiologi
IPS,Latih Diri dengan Contoh Soal Interaksi Sosial Untuk Ujian Soshum SBMTPN 2018!,https://www.quipper.com/id/blog/masuk-ptn/sbmptn/sosiologi-sbmptn/contoh-soal-interaksi-sosial-sbmptn/,Sosiologi
IPS,Pelajari Materi Interaksi Sosial Ini Biar Makin Paham Pelajaran Sosiologi!,https://www.quipper.com/id/blog/mapel/materi-interaksi-sosial/,Sosiologi
IPS,"Permasalahan Sosial � Sosiologi Kelas 11 � Pengertian, Alasan, dan Contoh",https://www.quipper.com/id/blog/mapel/sosiologi/permasalahan-sosial-sosiologi-kelas-11/,Sosiologi
IPS,Pelajari Pengertian Sumber Daya Alam Biar Tidak Grogi Menghadapi Soal Geografi SBMPTN 2018,https://www.quipper.com/id/blog/masuk-ptn/sbmptn/geografi-sbmptn/pengertian-sumber-daya-alam/,"Ekonomi, Geografi"
IPS,5 Contoh Soal SBMPTN Geografi Materi Sumber Daya Alam,https://www.quipper.com/id/blog/masuk-ptn/sbmptn/geografi-sbmptn/5-contoh-soal-sbmptn-geografi-materi-sumber-daya-alam/,"Ekonomi, Geografi"
IPS,Dibawah ini yang bukan termasuk pelaku kegiatan ekonomi adalah,https://www.quipper.com/id/blog/tanya/dibawah-ini-yang-bukan-termasuk-pelaku-kegiatan-ekonomi-adalah/,Ekonomi
IPS,Kegiatan ekonomi yang dilakukan rumah tangga produsen adalah,https://www.quipper.com/id/blog/tanya/kegiatan-ekonomi-yang-dilakukan-rumah-tangga-produsen-adalah/,Ekonomi
IPS,Soal Kegiatan Ekonomi yang  Sering Muncul pada Ujian,https://www.quipper.com/id/blog/ekonomi-un-sma/materi-kegiatan-ekonomi-sering-muncul-di-un-ini-dia-contoh-jenis-soalnya/,Ekonomi
IPS,Bekali Diri Menghadapi Ujian Dengan Mempelajari Materi Kegiatan Ekonomi Ini!,https://www.quipper.com/id/blog/mapel/ekonomi/kegiatan-ekonomi/,Ekonomi
IPS,"Mau Lulus Ujian Ekonomi SBMPTN 2018? Yuk, Pelajari 5 Contoh Soal Kegiatan Ekonomi dan Pembahasannya!",https://www.quipper.com/id/blog/masuk-ptn/sbmptn/5-contoh-soal-kegiatan-ekonomi/,Ekonomi
IPS,Anak IPS? Wajib Tahu 3 Jenis Kegiatan Ekonomi!,https://www.quipper.com/id/blog/ekonomi-un-sma/anak-ips-wajib-tahu-3-jenis-kegiatan-ekonomi/,Ekonomi
IPS,Ngulik Contoh Soal UTS Sejarah Masa Kerajaan Hindu-Buddha Nusantara,https://www.quipper.com/id/blog/mapel/ngulik-contoh-soal-uts-sejarah-masa-kerajaan-hindu-buddha-nusantara/,Sejarah
IPS,Coba 5 Contoh Soal Kerajaan Islam Kelas X Ini Agar Nilai Bagus!,https://www.quipper.com/id/blog/mapel/contoh-soal-kerajaan-islam/,"Sejarah, Sosiologi"
IPS,"Yuk, Pelajari Materi Kerajaan Islam Kelas X Biar Mahir Pelajaran Sejarah!",https://www.quipper.com/id/blog/mapel/sejarah/materi-kerajaan-islam-kelas-x/,Sejarah
IPS,Letak Geografis Indonesia sebagai Negara Maritim & Kepulauan | IPS Terpadu Kelas 5,https://www.ruangguru.com/blog/letak-geografis-indonesia-sebagai-negara-maritim-dan-kepulauan,"Geografi, Politik"
IPS,Letak Geografis & Astronomis Indonesia serta Pengaruhnya | Geografi Kelas 7,https://www.ruangguru.com/blog/letak-geografis-dan-letak-astronomis-indonesia,Geografi
IPS,Pengaruh Letak Geografis Bagi Kehidupan | IPS Terpadu Kelas 6,https://www.ruangguru.com/blog/pengaruh-letak-geografis-bagi-kehidupan,Geografi
IPS,"Interaksi Sosial: Pengertian, Ciri-Ciri, Syarat & Faktor | Sosiologi Kelas 7",https://www.ruangguru.com/blog/apa-itu-interaksi-sosial,Sosiologi
IPS,"Bentuk-Bentuk Interaksi Sosial: Asosiatif, Disosiatif, Akomodatif | Sosiologi Kelas 7",https://www.ruangguru.com/blog/apa-saja-bentuk-bentuk-interaksi-sosial,Sosiologi
IPS,"Bentuk Interaksi Sosial Asosiatif: Kerja Sama, Asimilasi, dan Akulturasi | Sosiologi Kelas 10",https://www.ruangguru.com/blog/bentuk-interaksi-sosial-asosiatif-kerja-sama-asimilasi-dan-akulturasi,Sosiologi
IPS,Tradisi Buka Puasa Bersama: Fenomena Interaksi Sosial dengan Kehidupan Sosial Budaya | Sosiologi Kelas 8,https://www.ruangguru.com/blog/tradisi-buka-puasa-bersama-fenomena-interaksi-sosial-dengan-kehidupan-sosial-budaya,Sosiologi
IPS,Syarat Interaksi Sosial di Masyarakat | Sosiologi Kelas 10,https://www.ruangguru.com/blog/syarat-interaksi-sosial-di-masyarakat,Sosiologi
IPS,Tindakan dan Interaksi Sosial | Sosiologi Kelas 10,https://www.ruangguru.com/blog/tindakan-dan-interaksi-sosial,Sosiologi
IPS,Macam-Macam Keberagaman Budaya di Indonesia | IPS Terpadu Kelas 4,https://www.ruangguru.com/blog/keberagaman-budaya-di-indonesia,"Sosiologi, Sosiologi"
IPS,Penyebab Keberagaman Budaya di Indonesia | IPS Terpadu Kelas 4,https://www.ruangguru.com/blog/penyebab-keberagaman-budaya-di-indonesia,"Sosiologi, Sosiologi"
IPS,"Jenis-Jenis Sumber Daya Alam, Potensi & Persebarannya | Geografi Kelas 7",https://www.ruangguru.com/blog/potensi-sumber-daya-alam,"Ekonomi, Geografi"
IPS,"Mengenal Sumber Daya Alam, Sifat, Contoh & Manfaatnya | IPS Terpadu Kelas 5",https://www.ruangguru.com/blog/mengenal-sumber-daya-alam,"Ekonomi, Geografi"
IPS,Potensi Sumber Daya Alam Benua Asia dan Afrika | Geografi Kelas 9,https://www.ruangguru.com/blog/potensi-sumber-daya-alam-benua-asia-dan-afrika,"Ekonomi, Geografi, Geografi"
IPS,"Potensi Sumber Daya Alam Benua Australia, Amerika & Eropa | Geografi Kelas 9",https://www.ruangguru.com/blog/potensi-sumber-daya-alam-benua-australia-amerika-dan-eropa,"Ekonomi, Geografi, Geografi"
IPS,Potensi Sumber Daya Alam Negara-Negara ASEAN�|�Geografi Kelas 8,https://www.ruangguru.com/blog/potensi-sumber-daya-alam-negara-asean,"Ekonomi, Geografi, Politik"
IPS,Berbagai Cara yang Bisa Kamu Lakukan Agar Sumber Daya Alam Tidak Habis | Geografi Kelas 11,https://www.ruangguru.com/blog/berbagai-cara-yang-bisa-kamu-lakukan-agar-sumber-daya-alam-tidak-habis,"Ekonomi, Geografi"
IPS,Beberapa Inovasi Untuk Melestarikan Sumber Daya Alam | Geografi Kelas 11,https://www.ruangguru.com/blog/article-4-melestarikan-sumber-daya-alam-dan-inovasinya,"Ekonomi, Geografi"
IPS,Kegiatan Ekonomi dan Perkembangan IPTEK | Ekonomi Kelas 7,https://www.ruangguru.com/blog/kegiatan-ekonomi-dan-perkembangan-iptek,Ekonomi
IPS,Hubungan Pelaku Kegiatan Ekonomi dan Peranannya | Ekonomi Kelas 10,https://www.ruangguru.com/blog/pelaku-kegiatan-ekonomi,Ekonomi
IPS,Dampak Permasalahan Sosial dalam Masyarakat | Sosiologi Kelas 11,https://www.ruangguru.com/blog/dampak-permasalahan-sosial-dalam-masyarakat,Sosiologi
IPS,Mengenal Permasalahan Sosial akibat Persoalan Sampah | Sosiologi Kelas 11,https://www.ruangguru.com/blog/sosiologi-kelas-11-mengenal-permasalahan-sosial-akibat-persoalan-sampah,Sosiologi
IPS,Masalah Kependudukan dalam Permasalahan Sosial | Sosiologi Kelas 11,https://www.ruangguru.com/blog/masalah-kependudukan-dalam-permasalahan-sosial,"Geografi, Sosiologi"
IPS,Permasalahan Sosial Akibat Pencemaran Lingkungan | Sosiologi kelas 11,https://www.ruangguru.com/blog/permasalahan-sosial-akibat-pencemaran-lingkungan,Sosiologi
IPS,Mengenal 3 Teori Permasalahan Sosial | Sosiologi Kelas 12,https://www.ruangguru.com/blog/mengenal-3-teori-permasalahan-sosial,Sosiologi
IPS,Teori Konflik Karl Marx dalam Permasalahan Sosial | Sosiologi Kelas 11,https://www.ruangguru.com/blog/memahami-teori-konflik-karl-marx-dalam-permasalahan-sosial,Sosiologi
IPS,Dampak Anak yang Terjebak dalam Permasalahan Sosial | Sosiologi Kelas 11,https://www.ruangguru.com/blog/dampak-anak-yang-terjebak-dalam-permasalahan-sosial,Sosiologi
IPS,Kerajaan Hindu-Buddha (Bag. 3) | Sejarah Kelas 11,https://www.ruangguru.com/blog/kerajaan-hindu-buddha-jenggala-dan-kediri-singasari-majapahit,Sejarah
IPS,Menelusuri Sejarah Kerajaan Islam di Indonesia | IPS Terpadu Kelas 4,https://www.ruangguru.com/blog/kerajaan-islam-di-indonesia,Sejarah
IPS,Kehidupan Masyarakat di Masa Kerajaan Islam | Sejarah Kelas 11,https://www.ruangguru.com/blog/kehidupan-masyarakat-di-masa-kerajaan-islam,"Sejarah, Sosiologi"
IPS,Kerajaan Islam Indonesia: Masa Kejayaan hingga Runtuhnya Kerajaan Samudera Pasai | Sejarah Kelas 7,https://www.ruangguru.com/blog/kerajaan-samudera-pasai,Sejarah
IPS,"Letak Geografis, Astronomis, dan Strategis Wilayah Indonesia � Materi Geografi Kelas 11",https://www.zenius.net/blog/letak-geografis-astronomis-strategis-indonesia,Geografi
IPS,"Permasalahan Sosial, Teori, Faktor, Dampak, dan Contoh Masalah Sosial � Materi Sosiologi Kelas 11",https://www.zenius.net/blog/permasalahan-sosial,Sosiologi
IPS,10 Contoh Permasalahan Sosial yang Terjadi di Indonesia,https://www.zenius.net/blog/contoh-permasalahan-sosial-di-indonesia,Lainnya
IPS,Sebaran dan Pengelolaan Sumber Daya Alam Indonesia � Materi Geografi Kelas 11,https://www.zenius.net/blog/sumber-daya-alam-indonesia,"Ekonomi, Geografi"
IPS,Peran Pelaku Ekonomi dalam Kegiatan Ekonomi � Materi Ekonomi Kelas 10,https://www.zenius.net/blog/peran-pelaku-ekonomi-kegiatan-ekonomi,Ekonomi
IPS,"Achmad Soebardjo, Perumus Proklamasi Kemerdekaan Indonesia",https://www.brainacademy.id/blog/biografi-achmad-soebardjo,Sejarah
IPS,Isi Teks Proklamasi Kemerdekaan dan Sejarah Perumusannya,https://www.brainacademy.id/blog/sejarah-pembacaan-teks-proklamasi-peristiwa-di-baliknya,"Sejarah, Sejarah"
IPS,"Perubahan Sosial: Pengertian, Teori, Dampak, & Karakteristik",https://www.brainacademy.id/blog/perubahan-sosial,Lainnya
IPS,"Konflik Sosial: Pengertian, Penyebab, Dampak, & Contoh",https://www.brainacademy.id/blog/konflik-sosial,Lainnya
IPS,"Perdagangan Internasional: Pengertian, Tujuan & Kebijakannya",https://www.brainacademy.id/blog/perdagangan-internasional,Lainnya
IPS,"Simak Contoh Soal SBMPTN Sejarah Materi Pergerakan Nasional Ini, Yuk!",https://www.quipper.com/id/blog/masuk-ptn/sbmptn/sejarah-sbmptn/contoh-soal-sbmptn-sejarah-pergerakan-nasional/,Sejarah
IPS,Mengenal Tiga Organisasi Peletak Pergerakan Nasional Indonesia!,https://www.quipper.com/id/blog/mapel/sejarah/3-organisasi-peletak-pergerakan-nasional/,Lainnya
IPS,Pengertian dan Contoh Pergerakan Nasional,https://www.quipper.com/id/blog/mapel/sejarah/pergerakan-nasional/,Lainnya
IPS,Begini Contoh Soal SBMPTN Sejarah tentang Proklamasi Kemerdekaan!,https://www.quipper.com/id/blog/masuk-ptn/sbmptn/sejarah-sbmptn/contoh-soal-sbmptn-sejarah-proklamasi-kemerdekaan/,"Sejarah, Sejarah"
IPS,Intip Momen Menegangkan Jelang Proklamasi Kemerdekaan Indonesia!,https://www.quipper.com/id/blog/mapel/sejarah/momen-menegangkan-proklamasi-kemerdekaan/,Sejarah
IPS,Kepoin 5 Fakta Unik Proklamasi Kemerdekaan Republik Indonesia!,https://www.quipper.com/id/blog/tips-trick/your-life/fakta-unik-proklamasi/,Sejarah
IPS,Apa yang Dimaksud dengan Perubahan Sosial dan Dampaknya?,https://www.quipper.com/id/blog/mapel/sosiologi/dampak-sosial-sosiologi/,Lainnya
IPS,Mengenal Perubahan Sosial Budaya Lengkap dengan Contohnya,https://www.quipper.com/id/blog/mapel/sosiologi/perubahan-sosial-budaya/,Sosiologi
IPS,Perubahan Sosial Menurut Para Ahli � Sosiologi Kelas 12,https://www.quipper.com/id/blog/mapel/sosiologi/perubahan-sosial-menurut-para-ahli/,Sosiologi
IPS,Teori Perubahan Sosial � Sosiologi Kelas 12,https://www.quipper.com/id/blog/mapel/sosiologi/teori-perubahan-sosial/,Sosiologi
IPS,Bentuk Perubahan Sosial � Sosiologi Kelas 12,https://www.quipper.com/id/blog/mapel/sosiologi/bentuk-perubahan-sosial/,Sosiologi
IPS,Faktor Pendorong Perubahan Sosial � Sosiologi Kelas 12,https://www.quipper.com/id/blog/mapel/sosiologi/faktor-pendorong-perubahan-sosial/,Sosiologi
IPS,Belajar Sosiologi SMA? Ini Materi Lengkap Perubahan Sosial,https://www.quipper.com/id/blog/mapel/perubahan-sosial/,Sosiologi
IPS,5 Contoh Soal Konflik Sosial & Pembahasannya Biar Lulus SBMPTN 2018!,https://www.quipper.com/id/blog/masuk-ptn/sbmptn/contoh-soal-konflik-sosial/,Lainnya
IPS,"Mau Tahu Apa Itu Konflik Sosial? Yuk, Simak Pembahasannya Berikut!",https://www.quipper.com/id/blog/mapel/sosiologi/pengertian-konflik-sosial/,Lainnya
IPS,Mengenal Teori Perdagangan Internasional,https://www.quipper.com/id/blog/mapel/ekonomi/mengenal-teori-perdagangan-internasional/,Lainnya
IPS,Perdagangan Internasional dan Manfaatnya bagi Perekonomian Indonesia,https://www.quipper.com/id/blog/mapel/ekonomi/perdagangan-internasional-dan-manfaatnya-bagi-perekonomian-indonesia/,"Ekonomi, Ekonomi"
IPS,"Hadapi Persaingan Global, Ini Manfaat Perdagangan Internasional",https://www.quipper.com/id/blog/quipper-campus/campus-info/p-perdagangan-internasional/,Lainnya
IPS,"Belajar Contoh Soal Dasar-Dasar Perdagangan Internasional, Yuk!",https://www.quipper.com/id/blog/mapel/ekonomi/contoh-soal-dasar-dasar-perdagangan-internasional/,Lainnya
IPS,"Jangan Cuma Asyik Belanja Olshop Dunia, Yuk, Pahami Materi Perdagangan Internasional",https://www.quipper.com/id/blog/mapel/ekonomi/perdagangan-internasional/,Lainnya
IPS,Manajemen Sumber Daya Manusia dan Peranannya dalam Dunia Bisnis,https://www.quipper.com/id/blog/quipper-campus/campus-info/n-pengertian-peran-fungsi-profesi-manajemen-sumber-daya-manusia/,"Ekonomi, Ekonomi"
IPS,Dinamika Kependudukan Indonesia � IPS Kelas 7,https://www.quipper.com/id/blog/mapel/geografi/dinamika-kependudukan-indonesia/,Geografi
IPS,Faktor Penyebab Konflik Sosial beserta Contoh dan Dampaknya,https://www.quipper.com/id/blog/mapel/sosiologi/penyebab-konflik-sosial/,Lainnya
IPS,10 Organisasi Pergerakan Nasional Indonesia & Tokoh Pendirinya | Sejarah Kelas 11,https://www.ruangguru.com/blog/sejarah-kelas-11-mengenal-organisasi-kebangsaan-budi-utomo-sarekat-islam-indische-partij,Sejarah
IPS,Tokoh-Tokoh Nasional dalam Proklamasi Kemerdekaan Indonesia |�Sejarah Kelas 11,https://www.ruangguru.com/blog/sejarah-kelas-11-mengenal-tokoh-tokoh-nasional-dalam-proklamasi-kemerdekaan-indonesia,"Sejarah, Sejarah"
IPS,Masa Persiapan Proklamasi Kemerdekaan Indonesia | IPS Terpadu Kelas 6,https://www.ruangguru.com/blog/persiapan-proklamasi-kemerdekaan-indonesia,Sejarah
IPS,3 Tokoh Pengibar Bendera Merah Putih saat Proklamasi Kemerdekaan 1945,https://www.ruangguru.com/blog/3-tokoh-pengibar-sang-saka-merah-putih,Sejarah
IPS,Isi Teks Proklamasi Kemerdekaan dan Fakta-Faktanya,https://www.ruangguru.com/blog/di-balik-peristiwa-proklamasi,Sejarah
IPS,Detik-Detik Menuju Proklamasi Kemerdekaan Indonesia | Sejarah Kelas 11,https://www.ruangguru.com/blog/detik-detik-menuju-proklamasi-kemerdekaan-ri,"Sejarah, Sejarah"
IPS,Ide dan Pemikiran Proklamasi Kemerdekaan Indonesia 1945 | Sejarah Kelas 11,https://www.ruangguru.com/blog/sejarah-kelas-11-ide-dan-pemikiran-pemikiran-proklamasi-kemerdekaan-indonesia-1945,"Sejarah, Sejarah"
IPS,Makna Proklamasi Kemerdekaan Indonesia | IPS Terpadu Kelas 6,https://www.ruangguru.com/blog/makna-proklamasi-kemerdekaan-indonesia,Sejarah
IPS,Faktor Internal dan Eksternal Penyebab Perubahan Sosial | Sosiologi Kelas 9,https://www.ruangguru.com/blog/faktor-internal-dan-eksternal-penyebab-perubahan-sosial,Sosiologi
IPS,Mengenal Bentuk-Bentuk Perubahan Sosial & Contohnya | Sosiologi Kelas 9,https://www.ruangguru.com/blog/bentuk-bentuk-perubahan-sosial,Sosiologi
IPS,15 Pengertian Perubahan Sosial Menurut Para Ahli | Sosiologi Kelas 12,https://www.ruangguru.com/blog/7-pengertian-perubahan-sosial-menurut-para-ahli,Sosiologi
IPS,"Pengertian Perubahan Sosial, Teori & Karakteristiknya | Sosiologi Kelas 12",https://www.ruangguru.com/blog/pengertian-perubahan-sosial-teori-dan-karakteristik,Sosiologi
IPS,Mengenal Teori Evolusi dalam Perubahan Sosial | Sosiologi Kelas 12,https://www.ruangguru.com/blog/teori-evolusi-perubahan-sosial,Sosiologi
IPS,Mengenal Dampak Perubahan Sosial Terhadap Masyarakat | Sosiologi Kelas 12,https://www.ruangguru.com/blog/mengenal-dampak-perubahan-sosial-terhadap-masyarakat,Sosiologi
IPS,"Perubahan Sosial Budaya: Pengertian, Teori, & Ciri-Cirinya | Sosiologi Kelas 9",https://www.ruangguru.com/blog/pengertian-dan-ciri-ciri-perubahan-sosial-budaya,Sosiologi
IPS,Mengetahui Proses Perubahan Sosial | Sosiologi Kelas 12,https://www.ruangguru.com/blog/mengetahui-proses-perubahan-sosial,Sosiologi
IPS,Penguatan Komunitas Lokal dalam Merespon Perubahan Sosial | Sosiologi Kelas 12,https://www.ruangguru.com/blog/penguatan-komunitas-lokal-dalam-merespon-perubahan-sosial,Sosiologi
IPS,"Perdagangan Internasional: Pengertian, Tujuan, Faktor & Contoh | Ekonomi Kelas 11",https://www.ruangguru.com/blog/pengertian-tujuan-faktor-perdagangan-internasional,Ekonomi
IPS,Macam-Macam Kebijakan Perdagangan Internasional | Ekonomi Kelas 11,https://www.ruangguru.com/blog/kebijakan-perdagangan-internasional,Ekonomi
IPS,Perdagangan Internasional dan Agenda lain Pertemuan IMF di Bali |�Ekonomi Kelas 11,https://www.ruangguru.com/blog/ekonomi-11-perdagangan-internasional-dan-agenda-lain-pertemuan-imf-di-bali,Ekonomi
IPS,Perkembangan Jalur Transportasi dan Perdagangan Internasional Indonesia | Geografi Kelas 11,https://www.ruangguru.com/blog/perkembangan-jalur-transportasi-dan-perdagangan-internasional-indonesia,Lainnya
IPS,Jenis-Jenis Perdagangan Internasional | Ekonomi Kelas 11,https://www.ruangguru.com/blog/jenis-jenis-perdagangan-internasional-1,Ekonomi
IPS,Cara Mengetahui Kondisi Sumber Daya Manusia | Geografi Kelas 7,https://www.ruangguru.com/blog/cara-mengetahui-kondisi-sumber-daya-manusia,Ekonomi
IPS,Interaksi Antar Ruang: Kupas Tuntas Sumber Daya Manusia Indonesia dan ASEAN | Geografi Kelas 8,https://www.ruangguru.com/blog/ips-kelas-8-interaksi-antar-ruang-kupas-tuntas-sumber-daya-manusia,Ekonomi
IPS,Mengenal Sumber Daya Manusia Di Indonesia | Geografi Kelas 9,https://www.ruangguru.com/blog/mengenalsumberdayamanusiadiindonesia,Ekonomi
IPS,"Konflik Sosial: Pengertian, Bentuk, Macam, dan Contoh | Sosiologi Kelas 11",https://www.ruangguru.com/blog/bentuk-konflik-sosial-di-masyarakat,Sosiologi
IPS,Dampak Konflik Sosial di Masyarakat�|�Sosiologi Kelas 11,https://www.ruangguru.com/blog/dampak-konflik-sosial,Sosiologi
IPS,Penyebab Konflik Sosial di Masyarakat | Sosiologi Kelas 11,https://www.ruangguru.com/blog/penyebab-konflik-sosial-di-masyarakat,Sosiologi
IPS,Sejarah Penyusunan Teks Proklamasi Kemerdekaan Indonesia � Materi Sejarah Kelas 11,https://www.zenius.net/blog/sejarah-teks-proklamasi-kemerdekaan-indonesia,"Sejarah, Sejarah"
IPS,Persiapan Proklamasi Kemerdekaan Indonesia � Materi Sejarah Kelas 11,https://www.zenius.net/blog/persiapan-proklamasi-kemerdekaan-indonesia,"Sejarah, Sejarah"
IPS,4 Catatan Penting Proklamasi Kemerdekaan Indonesia,https://www.zenius.net/blog/proklamasi-kemerdekaan-indonesia,Sejarah
IPS,Bentuk-Bentuk Perubahan Sosial Masyarakat � Materi Sosiologi Kelas 12,https://www.zenius.net/blog/bentuk-perubahan-sosial-masyarakat,Sosiologi
IPS,Faktor Penyebab & Penghambat Perubahan Sosial � Materi Sosiologi Kelas 12,https://www.zenius.net/blog/faktor-perubahan-sosial,Sosiologi
IPS,"Konsep Perubahan Sosial, Faktor, Proses, dan Dampaknya � Materi Sosiologi Kelas 12",https://www.zenius.net/blog/materi-perubahan-sosial,Sosiologi
IPS,Pengertian Konflik Sosial dan Teori Kekerasan � Materi Sosiologi Kelas 11,https://www.zenius.net/blog/konflik-sosial-sosiologi-kelas-11,Sosiologi
IPS,Teori Perdagangan Internasional Menurut Para Ahli � Materi Ekonomi Kelas 11,https://www.zenius.net/blog/teori-perdagangan-internasional,Ekonomi
IPS,Teori Keunggulan Komparatif dalam Perdagangan Internasional Menurut David Ricardo,https://www.zenius.net/blog/teori-keunggulan-komparatif,Lainnya
IPS,"Pengertian, Manfaat, dan Tujuan Perdagangan Internasional � Materi Ekonomi Kelas 11",https://www.zenius.net/blog/pengertian-perdagangan-internasional,Ekonomi
IPS,"Berisiko Memicu Konflik, Kenapa Perdagangan Internasional Terus Terjadi?",https://www.zenius.net/blog/perdagangan-internasional,Lainnya
IPS,Manfaat dan Fungsi Manajemen Sumber Daya Manusia � Materi Ekonomi Kelas 10,https://www.zenius.net/blog/fungsi-manfaat-manajemen-sumber-daya-manusia,Ekonomi
IPS,Dinamika Kependudukan Indonesia � Materi Geografi Kelas 11,https://www.zenius.net/blog/dinamika-kependudukan-indonesia,Geografi
IPS,Upaya Penyelesaian Konflik Sosial � Materi Sosiologi Kelas 11,https://www.zenius.net/blog/upaya-penyelesaian-konflik-sosial,Sosiologi
IPS,Macam-Macam Konflik Sosial di Indonesia dan Contohnya � Materi Sosiologi Kelas 11,https://www.zenius.net/blog/macam-macam-konflik-sosial,Sosiologi
IPS,Dampak Positif dan Negatif Konflik Sosial � Materi Sosiologi Kelas 11,https://www.zenius.net/blog/dampak-positif-negatif-konflik-sosial,Sosiologi
IPS,6 Faktor Penyebab Konflik Sosial � Materi Sosiologi Kelas 11,https://www.zenius.net/blog/faktor-penyebab-konflik-sosial,Sosiologi
IPS,"Sistem Ekonomi: Definisi, Jenis, Ciri, Kelebihan & Kekurangan",https://www.brainacademy.id/blog/sistem-ekonomi,Ekonomi
IPS,Sistem Ekonomi Liberal pada Masa Awal Kemerdekaan Indonesia,https://www.quipper.com/id/blog/mapel/sejarah/sistem-ekonomi-liberal-awal-kemerdekaan-indonesia/,"Sejarah, Ekonomi"
IPS,Pembahasan Soal UTS Ekonomi SMA Kelas X tentang Kebutuhan dan Sistem Ekonomi,https://www.quipper.com/id/blog/mapel/soal-uts/pembahasan-soal-uts-ekonomi-sma-kelas-x-tentang-kebutuhan-dan-sistem-ekonomi/,"Ekonomi, Ekonomi"
IPS,Generasi Muda Harus Ngerti Pembangunan Berkelanjutan Berwawasan Lingkungan!,https://www.quipper.com/id/blog/mapel/geografi/pembangunan-berkelanjutan-wawasan-lingkungan/,Lainnya
IPS,"Hari Hak Asasi Manusia, Apa dan Bagaimana Merayakannya?",https://www.quipper.com/id/blog/tips-trick/your-life/perayaan-hari-hak-asasi-manusia/,Lainnya
IPS,Arsitektur Berkelanjutan �Net Zero Energy Building� sebagai Solusi Perubahan Iklim,https://www.quipper.com/id/blog/quipper-campus/campus-info/p-arsitektur-berkelanjutan-net-zero-energy-building/,Geografi
IPS,Macam-Macam Sistem Ekonomi & Karakteristiknya | Ekonomi Kelas 10,https://www.ruangguru.com/blog/macam-macam-sistem-ekonomi,Ekonomi
IPS,Sistem Ekonomi Indonesia dan Karakteristiknya | Ekonomi Kelas 10,https://www.ruangguru.com/blog/sistem-ekonomi-indonesia-dan-karakteristiknya,Ekonomi
IPS,Mengenal Sistem Ekonomi Ali Baba | Sejarah Kelas 12,https://www.ruangguru.com/blog/mengenal-sistem-ekonomi-ali-baba,"Sejarah, Ekonomi"
IPS,"Sejarah Perang Dunia I, Penyebab, dan Dampaknya | Sejarah Kelas 11",https://www.ruangguru.com/blog/perang-dunia-i-dan-kegagalan-lbb-dalam-menciptakan-perdamaian-dunia,Sejarah
IPS,"Perang Dunia II: Latar Belakang, Penyebab, dan Dampaknya | Sejarah Kelas 11",https://www.ruangguru.com/blog/perang-dunia-2,Sejarah
IPS,"5 Fakta Halim Perdanakusuma, dari Lukisan hingga Perang Dunia II",https://www.ruangguru.com/blog/5-fakta-halim-perdanakusuma,Sejarah
IPS,5 Fakta Lain Seputar Perang Dunia Pertama yang Harus Kamu Tahu,https://www.ruangguru.com/blog/3-fakta-seputar-perang-dunia-pertama,Sejarah
IPS,Kebijakan Moneter untuk Krisis Ekonomi di Indonesia | Ekonomi Kelas 11,https://www.ruangguru.com/blog/kebijakan-moneter-untuk-krisis-ekonomi-di-indonesia,Ekonomi
IPS,Dampak dan Penyebab Perubahan Iklim Global | Geografi Kelas 10,https://www.ruangguru.com/blog/pengaruh-perubahan-iklim-global,Geografi
IPS,Apa Saja Faktor Penyebab Perubahan Iklim? | Biologi Kelas 7,https://www.ruangguru.com/blog/apa-saja-faktor-penyebab-perubahan-iklim,Geografi
IPS,Sejarah Perkembangan Demokrasi di Indonesia (Orde Lama-Reformasi),https://www.zenius.net/blog/sejarah-perkembangan-demokrasi-indonesia,"Sejarah, Politik"
IPS,"Sistem Ekonomi Gerakan Benteng, Tujuan, dan Kegagalannya",https://www.zenius.net/blog/sistem-ekonomi-gerakan-benteng,Ekonomi
IPS,Sistem Ekonomi Indonesia & Karakteristiknya � Materi Ekonomi Kelas 10,https://www.zenius.net/blog/sistem-ekonomi-indonesia,Ekonomi
IPS,Penerapan Sistem Ekonomi Liberal 1870 di Hindia Belanda � Materi Sejarah Kelas 11,https://www.zenius.net/blog/sistem-ekonomi-liberal-hindia-belanda,"Sejarah, Ekonomi"
IPS,Jenis-Jenis Sistem Ekonomi di Dunia � Materi Ekonomi Kelas 10,https://www.zenius.net/blog/perbedaan-sistem-ekonomi,Ekonomi
IPS,"Biografi Alan Turing, Sang Matematikawan dan Pahlawan Perang Dunia II",https://www.zenius.net/blog/biografi-alan-turing-enigma,"Sejarah, Sejarah"
IPS,"Franklin D. Roosevelt, Penyelamat Amerika Serikat Selama Depresi Besar dan Perang Dunia 2",https://www.zenius.net/blog/franklin-d-roosevelt,Sejarah
IPS,Mengenal Antisemitisme dan Tragedi Holocaust Selama Perang Dunia 2,https://www.zenius.net/blog/sejarah-holocaust,Sejarah
IPS,"Grigori Rasputin, �Manusia Suci� Kaisar Rusia yang Bikin Ricuh saat Perang Dunia 1",https://www.zenius.net/blog/grigori-rasputin,Sejarah
IPS,Latar Belakang Perang Dunia 2 dan Kronologinya � Materi Sejarah Kelas 11,https://www.zenius.net/blog/perang-dunia-2,Sejarah
IPS,Latar Belakang Perang Dunia 1 dan Kronologinya � Materi Sejarah Kelas 11,https://www.zenius.net/blog/latar-belakang-perang-dunia-1,Sejarah
IPS,"Biodata Charles de Gaulle, Kisah Presiden Prancis dalam Perang Dunia ke-2",https://www.zenius.net/blog/biodata-charles-de-gaulle-presiden-prancis,Sejarah
IPS,"Hirohito, Kaisar Kontroversial Jepang karena Perannya di Perang Dunia 2",https://www.zenius.net/blog/hirohito,Sejarah
IPS,"Winston Churchill, Perdana Menteri Inggris di Perang Dunia 2",https://www.zenius.net/blog/winston-churchill,Sejarah
IPS,Bagaimana Tanggung Jawab Moral bisa menyebabkan Krisis Ekonomi?,https://www.zenius.net/blog/sebab-penyebab-krisis-ekonomi-2008,Ekonomi
IPS,Dampak dan Penyebab Perubahan Iklim � Materi Geografi Kelas 10,https://www.zenius.net/blog/perubahan-iklim,Geografi
IPS,Materi IPA Kelas 7: Perubahan Iklim dan Dampaknya Bagi Ekosistem,https://www.zenius.net/blog/perubahan-iklim-dan-dampaknya-ekosistem,Geografi
IPA,"Sistem Tata Surya: Pengertian, Teori, & Anggota Penyusunnya",https://www.brainacademy.id/blog/sistem-tata-surya,Antariksa
IPA,"Yuk, Pelajari 5 Contoh Soal Tata Surya dan Pembahasannya Ini!",https://www.quipper.com/id/blog/mapel/fisika/contoh-soal-tata-surya-dan-pembahasannya/,Antariksa
IPA,Simak Bahasan Materi Tata Surya Ini Biar Kamu dapat Nilai Sempurna!,https://www.quipper.com/id/blog/mapel/fisika/kuasai-materi-tata-surya-ini/,Antariksa
IPA,Simak Serunya Pembahasan Contoh Soal UAS Geografi SMA Bagian Tata Surya!,https://www.quipper.com/id/blog/mapel/soal-uas/simak-serunya-pembahasan-contoh-soal-uas-geografi-sma-bagian-tata-surya/,Antariksa
IPA,Interaksi Antar Komponen Ekosistem beserta Contohnya,https://www.quipper.com/id/blog/mapel/biologi/interaksi-antar-komponen-ekosistem/,Biologi
IPA,Kalor & Perpindahan Kalor � Fisika Kelas 11,https://www.quipper.com/id/blog/mapel/fisika/kalor-dan-perpindahan-kalor/,Lainnya
IPA,Mengenal Sistem peredaran darah serta Organ yang Bekerja pada Manusia,https://www.quipper.com/id/blog/mapel/biologi/sistem-peredaran-darah-manusia/,Biologi
IPA,"Pengertian Ekosistem: Ciri-ciri, Fungsi, Jenis-Jenis, Komponen Penyusun, dan Contohnya",https://www.quipper.com/id/blog/mapel/biologi/ekosistem/,Biologi
IPA,"Jangan Sampai Salfok, Ketahui Beda Pengertian Ekologi & Ekosistem Ini!",https://www.quipper.com/id/blog/mapel/beda-pengertian-ekologi-dan-ekosistem/,Biologi
IPA,"Tata Surya: Pengertian, Anggota, Rotasi & Revolusi Bumi | Geografi Kelas 10",https://www.ruangguru.com/blog/tata-surya-dan-anggotanya,"Biologi, Antariksa"
IPA,Mengenal Macam-Macam Benda Langit di Sistem Tata Surya | IPA Terpadu kelas 6,https://www.ruangguru.com/blog/sistem-tata-surya-ipa-kelas-6,Antariksa
IPA,5 Teori Pembentukan Tata Surya dan Tokoh Pencetusnya | Geografi Kelas 10,https://www.ruangguru.com/blog/teori-pembentukan-tata-surya,Antariksa
IPA,"Selain Big Bang, Ini 6 Teori Pembentukan Tata Surya Lainnya | Fisika Kelas 7",https://www.ruangguru.com/blog/teori-tata-surya,"Biologi, Antariksa"
IPA,"Yuk, Ketahui Ciri-Ciri 8 Planet di Tata Surya! | Fisika Kelas 7",https://www.ruangguru.com/blog/ciri-ciri-planet,Antariksa
IPA,Apa Saja Dampak Pemanasan Global bagi Makhluk Hidup & Lingkungan?�|�Biologi Kelas 7,https://www.ruangguru.com/blog/dampak-pemanasan-global,Lainnya
IPA,"Macam-Macam Perpindahan Kalor: Konduksi, Konveksi & Radiasi | Fisika Kelas 11",https://www.ruangguru.com/blog/perpindahan-kalor,Lainnya
IPA,Organ Sistem Peredaran Darah Manusia & Fungsinya | Biologi Kelas 8,https://www.ruangguru.com/blog/sistem-peredaran-darah,Biologi
IPA,Macam-Macam Penyakit dan Kelainan pada Sistem Peredaran Darah Manusia | Biologi Kelas 11,https://www.ruangguru.com/blog/biologi-kelas-11-apa-saja-penyakit-dan-kelainan-pada-sistem-peredaran-darah,Biologi
IPA,Jenis-Jenis Teknologi Sistem Peredaran Darah | Biologi Kelas 11,https://www.ruangguru.com/blog/jenis-jenis-teknologi-sistem-peredaran-darah,Lainnya
IPA,"Pengertian Ekosistem, Komponen Penyusun, Jenis & Contoh | Biologi Kelas 7",https://www.ruangguru.com/blog/macam-macam-ekosistem-di-bumi,Biologi
IPA,Apa Saja Jenis-Jenis Interaksi dalam Ekosistem? | Biologi Kelas 10,https://www.ruangguru.com/blog/apa-saja-jenis-interaksi-dalam-sebuah-ekosistem,Biologi
IPA,"Keseimbangan Ekosistem, Ancaman,� dan Pelestariannya | Biologi Kelas 7",https://www.ruangguru.com/blog/ipa-kelas-7-keseimbangan-ekosistem-ancaman-dan-pelestariannya,Biologi
IPA,Mengenal Komponen Penyusun Ekosistem | Biologi Kelas 10,https://www.ruangguru.com/blog/biologi-kelas-10-komponen-ekosistem,Biologi
IPA,Interaksi yang Terjadi di dalam Ekosistem | Biologi Kelas 7,https://www.ruangguru.com/blog/interaksi-yang-terjadi-di-dalam-ekosistem,Biologi
IPA,Mengenal Sistem Tata Surya,https://www.zenius.net/blog/mengenal-sistem-tata-surya,Antariksa
IPA,6 Teori Pembentukan Tata Surya � Materi Geografi Kelas 10,https://www.zenius.net/blog/teori-pembentukan-tata-surya,Antariksa
IPA,Sistem Tata Surya dan Sistem Bintang Lainnya,https://www.zenius.net/blog/sistem-bintang-tata-surya-lainnya,Antariksa
IPA,"Mengenal Matahari, Bintang Pusat Tata Surya",https://www.zenius.net/blog/matahari,Antariksa
IPA,Sistem Peredaran Darah Manusia � Materi Biologi Kelas 11,https://www.zenius.net/blog/sistem-peredaran-darah-materi-biologi,Biologi
IPA,Pengertian Ekosistem dan Komponen Pembentuknya � Materi Biologi Kelas 10,https://www.zenius.net/blog/komponen-pembentuk-ekosistem,Biologi
IPA,"Keanekaragaman Hayati Tingkat Gen, Spesies, dan Ekosistem � Materi Biologi Kelas 10",https://www.zenius.net/blog/keanekaragaman-hayati,Biologi
IPA,Piramida Energi dalam Ekosistem � Materi Biologi Kelas 10,https://www.zenius.net/blog/pengertian-piramida-energi,"Biologi, Fisika"
IPA,Materi IPA Kelas 7: Perubahan Iklim dan Dampaknya Bagi Ekosistem,https://www.zenius.net/blog/perubahan-iklim-dan-dampaknya-ekosistem,"Biologi, Ilmu Bumi"
IPA,Materi Pencemaran Lingkungan dan Dampaknya Bagi Ekosistem,https://www.zenius.net/blog/materi-pencemaran-lingkungan-ekosistem,Biologi
IPA,Klasifikasi Makhluk Hidup dalam Sistem 5 Kingdom,https://www.quipper.com/id/blog/mapel/biologi/klasifikasi-makhluk-hidup-dalam-sistem-5-kingdom/,Lainnya
IPA,Latihan Soal Klasifikasi Makhluk Hidup Biar Lancar SBMPTN Saintek!,https://www.quipper.com/id/blog/mapel/latihan-soal-klasifikasi-makhluk-hidup-biologi-sbmptn/,Lainnya
IPA,"Belajar Materi Klasifikasi Makhluk Hidup, Yuk!",https://www.quipper.com/id/blog/mapel/materi-klasifikasi-makhluk-hidup-biologi/,Lainnya
IPA,Contoh Soal Sistem Pencernaan Manusia SBMPTN Biologi,https://www.quipper.com/id/blog/masuk-ptn/sbmptn/biologi-sbmptn/contoh-soal-sistem-pencernaan-manusia-sbmptn-biologi/,Biologi
IPA,Pengertian Sistem Pencernaan Manusia,https://www.quipper.com/id/blog/mapel/pengertian-sistem-pencernaan-manusia/,Biologi
IPA,Mengenal 5 Macam Sistem Klasifikasi Makhluk Hidup | Biologi Kelas 10,https://www.ruangguru.com/blog/macam-macam-sistem-klasifikasi-makhluk-hidup,Lainnya
IPA,Perkembangbiakan Tumbuhan secara Generatif | IPA Terpadu Kelas 6,https://www.ruangguru.com/blog/perkembangbiakan-generatif-pada-tumbuhan,Biologi
IPA,Perkembangbiakan Tumbuhan secara Buatan | IPA Terpadu Kelas 4,https://www.ruangguru.com/blog/perkembangbiakan-tumbuhan-secara-buatan,Biologi
IPA,Perkembangbiakan Generatif & Vegetatif pada Hewan | Biologi Kelas 9,https://www.ruangguru.com/blog/perkembangbiakan-hewan,Biologi
IPA,Perkembangbiakan Hewan Secara Vegetatif | IPA Terpadu Kelas 6,https://www.ruangguru.com/blog/perkembangbiakanhewansecaravegetatif,Biologi
IPA,Perkembangbiakan Hewan Secara Generatif | IPA Terpadu Kelas 6,https://www.ruangguru.com/blog/perkembangbiakan-hewan-secara-generatif,Biologi
IPA,8 Macam Gangguan pada Organ Pencernaan Manusia | Biologi Kelas 8,https://www.ruangguru.com/blog/gangguan-organ-pencernaan-manusia,Biologi
IPA,Macam-Macam Organ Sistem Pencernaan Manusia & Fungsinya | Biologi Kelas 8,https://www.ruangguru.com/blog/sistem-pencernaan-manusia,Biologi
IPA,Ciri dan Klasifikasi Makhluk Hidup � Materi Biologi Kelas 10,https://www.zenius.net/blog/ciri-ciri-dan-klasifikasi-makhluk-hidup,Lainnya
IPA,Struktur dan Fungsi Usus Besar pada Sistem Pencernaan Manusia � Materi Biologi Kelas 11,https://www.zenius.net/blog/struktur-fungsi-usus-besar,Biologi
IPA,Pengertian dan Fungsi Gerak Peristaltik pada Pencernaan Manusia � Materi Biologi Kelas 11,https://www.zenius.net/blog/gerak-peristaltik,"Biologi, Fisika"
IPA,"Persamaan Reaksi Kimia: Syarat, Cara Menulis, dan Cara Menyetarakannya",https://www.quipper.com/id/blog/mapel/kimia/persamaan-reaksi-kimia/,Kimia
IPA,Pelajaran Kimia Kamu Membosankan? Simak Ragam Reaksi Kimia Luar Biasa Ini!,https://www.quipper.com/id/blog/mapel/kimia/ragam-reaksi-kimia-biar-enggak-bosan/,Kimia
IPA,Pengertian Listrik Dinamis dengan Sifat dan Contohnya,https://www.quipper.com/id/blog/mapel/fisika/listrik-dinamis/,Fisika
IPA,Anak SMP? Yuk Buang Anggapan Fisika Itu Sulit dengan Belajar Listrik Dinamis Kelas 9 Lanjutan dan Pembahasan Ini!,https://www.quipper.com/id/blog/fisika-un-sma/anak-smp-yuk-buang-anggapan-fisika-itu-sulit-dengan-belajar-listrik-dinamis-kelas-9-lanjutan-dan-pembahasan-ini/,Fisika
IPA,Listrik Dinamis Kelas 9 Beserta Soal dan Pembahasan Lengkap!,https://www.quipper.com/id/blog/fisika-un-sma/listrik-dinamis-kelas-9-beserta-soal-dan-pembahasan-lengkap/,Fisika
IPA,Anak SMP dan Masih Sulit dengan Fisika? Ini Contoh Soal Listrik Dinamis Kelas 9 Lengkap dengan Pembahasannya!,https://www.quipper.com/id/blog/fisika-un-sma/anak-smp-dan-masih-sulit-dengan-fisika-ini-contoh-soal-listrik-dinamis-kelas-9-lengkap-dengan-pembahasannya/,Fisika
IPA,"Pantau Penjelasan Asyik Listrik Dinamis, Agar Nilai Fisikamu Makin Naik!",https://www.quipper.com/id/blog/fisika-un-sma/pantau-penjelasan-asyik-listrik-dinamis-agar-nilai-fisikamu-makin-naik/,Fisika
IPA,"Yuk, Kerjakan Latihan Soal Keanekaragaman Hayati Kelas X Ini!",https://www.quipper.com/id/blog/mapel/latihan-soal-keanekaragaman-hayati/,Lainnya
IPA,Perdalam Materi Keanekaragaman Hayati Biar Biologi Kelas X Lancar!,https://www.quipper.com/id/blog/mapel/biologi/materi-keanekaragaman-hayati/,Lainnya
IPA,Pencemaran Lingkungan � Biologi G10,https://www.quipper.com/id/blog/mapel/biologi/pencemaran-lingkungan-biologi-g10/,Lainnya
IPA,"Pengertian Hukum Kekekalan Energi, Faktor, Jenis, dan Rumusnya",https://www.quipper.com/id/blog/mapel/fisika/hukum-kekekalan-energi/,Fisika
IPA,"Pengertian Listrik Dinamis, Komponen, dan Contoh Penerapannya�| Fisika Kelas 9",https://www.ruangguru.com/blog/ipa-kelas-9-penerapan-listrik-dinamis-di-sekitar-kita,Fisika
IPA,"Pengertian Keanekaragaman Hayati, Tingkatan, Contoh & Manfaatnya | Biologi Kelas 10",https://www.ruangguru.com/blog/keanekaragaman-hayati,Lainnya
IPA,Mengenal Keanekaragaman Hayati (Flora & Fauna) di Dunia | Biologi Kelas 10,https://www.ruangguru.com/blog/keanekaragaman-hayati-dunia,Lainnya
IPA,Bahaya Pencemaran Lingkungan Bagi Aliran Energi | Biologi Kelas 10,https://www.ruangguru.com/blog/aliran-energi,Fisika
IPA,Seluk Beluk Pencemaran Lingkungan | Biologi Kelas 10,https://www.ruangguru.com/blog/seluk-beluk-pencemaran-lingkungan,Biologi
IPA,Permasalahan Sosial Akibat Pencemaran Lingkungan | Sosiologi kelas 11,https://www.ruangguru.com/blog/permasalahan-sosial-akibat-pencemaran-lingkungan,Lainnya
IPA,Apa itu Sistem Organ dan Organisme (Ciri-Ciri dan Contohnya) | Biologi Kelas 7,https://www.ruangguru.com/blog/apa-itu-sistem-organ-dan-organisme,Biologi
IPA,Memahami Hukum Kekekalan Energi | Fisika Kelas 10,https://www.ruangguru.com/blog/memahami-hukum-kekekalan-energi,Fisika
IPA,Persamaan Reaksi Kimia dan Contohnya � Materi Kimia Kelas 10,https://www.zenius.net/blog/contoh-persamaan-reaksi-kimia,Kimia
IPA,Materi Listrik Dinamis � Materi Fisika Kelas 12,https://www.zenius.net/blog/pengertian-listrik-dinamis-dan-contohnya,Fisika
IPA,Pencemaran Lingkungan � 8 Jenis Polusi yang Perlu Diketahui,https://www.zenius.net/blog/jenis-polusi-pencemaran-lingkungan,Lainnya
